Algorithm,Instance,Parameter,Front_Size,Total_Solutions,Best_Distance,Best_Balance,Convergence,Diversity,Time,Evaluations
NSGAII,Small,Conservative,117,500,874.9925139067253,0.5075262066443185,1103650.468382918,1.1155154406613872,3.0159961223602294,50000
NSGAII,Medium,Conservative,127,500,1396.0087773235678,5.3152858958362375,2338711.058208268,2.1540553303205474,6.486045885086059,50000
NSGAII,Large,Conservative,132,500,30824.76504225814,167.71166761180137,166341980.0401039,27.2653149142942,9.47823362350464,50000
NSGAII,Small,Balanced,76,300,893.1429341103383,2.9716667006868227,5597256.3386534285,4.524594440221071,0.6263951778411865,12000
NSGAII,Medium,Balanced,79,300,1376.8172426453036,13.656903834743833,1304719.8117936116,1.5296798867276995,1.5638219356536864,12000
NSGAII,Large,Balanced,75,300,30907.35754584735,202.9654521270968,66652636.99326371,28.15202215960133,2.3295725345611573,12000
NSGAII,Small,Aggressive,47,200,889.5048805697728,2.462164975841469,914308.59866667,2.7946274412367327,0.19354543685913086,4000
NSGAII,Medium,Aggressive,64,200,1361.6829072997912,11.416914845754407,992901.5372702557,2.7640868934871636,0.506332540512085,4000
NSGAII,Large,Aggressive,60,200,31245.920169121375,240.8832179361775,81699747.30423197,132.3611446929506,0.7989335536956788,4000
